{
  "project_info": {
    "project_number": "954500225853",
    "firebase_url": "https://flash-choose-your-own-fare.firebaseio.com",
    "project_id": "flash-choose-your-own-fare",
    "storage_bucket": "flash-choose-your-own-fare.appspot.com"
  },
  "client": [
    {
      "client_info": {
        "mobilesdk_app_id": "1:954500225853:android:b09dc59d870b488ecb8354",
        "android_client_info": {
          "package_name": "com.example.flash_chooseyourownfare"
        }
      },
      "oauth_client": [
        {
          "client_id": "954500225853-pofm2met2fnpfv735su8gatoa9c130v6.apps.googleusercontent.com",
          "client_type": 1,
          "android_info": {
            "package_name": "com.example.flash_chooseyourownfare",
            "certificate_hash": "b701286f4e441be9b7f39a5f646e0682bb9816b7"
          }
        },
        {
          "client_id": "954500225853-bhn8f3lqukn1svuegvamujj0jivc90fu.apps.googleusercontent.com",
          "client_type": 3
        }
      ],
      "api_key": [
        {
          "current_key": "AIzaSyALdN0xOiiMQ7AU0eteECiDnobL5HgZ4Ig"
        }
      ],
      "services": {
        "appinvite_service": {
          "other_platform_oauth_client": [
            {
              "client_id": "954500225853-bhn8f3lqukn1svuegvamujj0jivc90fu.apps.googleusercontent.com",
              "client_type": 3
            }
          ]
        }
      }
    }
  ],
  "configuration_version": "1"
}